moh_area,avg_temperature_2m_mean,avg_temperature_2m_max,avg_precipitation_sum,avg_relative_humidity_2m_mean,temp_range,heat_humidity_index
MOH-Akkaraipathu,28.925396353083226,34.03461101325691,1.5030066655573686,78.06204480665619,10.156061595884893,21.365445849619082
MOH-Addalachchenai,29.104865604033467,31.822734148120148,0.2591166680043852,74.8591321950303,5.548527005506264,20.61357224838759
MOH-Agalawatta,29.234163899115828,30.40998183345505,3.783471661071172,79.08117189448421,2.5777036180119928,21.876165253499178
MOH-Akurana,29.284435397981444,36.18935047303495,10.106579148632171,69.47233214689773,13.622038260816472,19.244122819680822
MOH-Akmeemana,29.42811134173937,32.935814756358376,12.594359143738139,78.64447593734991,7.075193449279044,21.899243138086884
MOH-Akuressa,29.140759454223517,34.6053857234313,17.36260413435791,79.9547676341704,10.843769132485066,22.047794899382556
MOH-Alayadivembu,28.925396353083226,34.03461101325691,1.5030066655573686,78.06204480665619,10.156061595884893,21.365445849619082
MOH-Alawwa,30.562739071136285,37.03132807752566,11.661441645573401,75.44146141301522,12.796846983174014,21.81488280366963
MOH-Aluthgama,28.451336118780482,28.94019200400004,4.923704158828073,80.68273011300595,1.2435914334020786,21.72286216302368
MOH-Ambagamuwa(Ginigath Hena),27.330985495061398,33.449452061174036,6.582224155565385,71.80175093154624,12.081604187513548,18.56448881516296
MOH-Ambalangoda,28.55187911651171,29.168441953728507,5.027361658624155,81.84738854897581,1.4911199335559424,22.1150892351131
MOH-Ambalantota,29.112104699870116,34.20582344819547,12.905331643126384,77.62534884952188,10.128526336824605,21.38270578010905
MOH-Ambanganga  Korale,28.64528356140402,35.68989762899016,0.984719166576959,70.49145923472574,13.883334390500481,19.101098114778004
MOH-Ambanpola,29.772772737962022,36.374847259313185,0.673746667188713,69.47233214689773,13.044375483327876,19.565079954072907
MOH-Ampara,28.724310357620766,33.834829875638995,1.5030066655573686,78.06204480665619,10.156061595884893,21.21689408832341
MOH-Anamaduwa,29.59320294401405,35.375941571223606,1.088376666373041,73.25757397650855,11.462638521434519,20.509818733644533
MOH-Angunukolapelessa,29.011561702138888,34.10593287938651,12.905331643126384,77.62534884952188,10.128526336824605,21.30881776306773
MOH-Anuradhapura MC,29.00432260630224,35.54715400616216,0.05180166841222127,72.38408014953116,12.920563094686154,19.861310783549587
MOH-Aralaganwila,29.96672018058556,36.317809744523274,0.05180166841222127,73.84000510720227,12.562989835420712,20.93414151917316
MOH-Arachchikattuwa,29.270057749305877,33.948904905218825,0.881061666780877,77.04291771882816,9.330870318242434,21.337034840441778
MOH-Aranayaka,30.411924574539444,37.088365592315576,3.5761566614790077,72.38408014953116,13.195626853900308,20.82515184574213
MOH-Arayampathy,29.212647697601344,34.1772547455161,0.5700891673926312,77.33408232782064,9.880997836670739,21.375821201093387
MOH-Aththanagalla,30.07440173115571,34.71956064357994,4.923704158828073,75.00466354317213,9.275799800121854,21.34168920371997
MOH-Athuraliya,29.140759454223517,34.6053857234313,17.36260413435791,79.9547676341704,10.843769132485066,22.047794899382556
MOH-Ayagama,29.722501239096406,35.39022592256328,15.185796638640188,77.91651345851436,11.242645280340945,21.913109262019837
MOH-Badalkumbura,24.06333806879646,28.811732732511718,7.41148415393404,75.87825928285831,9.399612188763575,17.276199846119685
MOH-Baddegama,28.185600975776843,28.868770247301633,5.234676658216319,82.72098428866198,1.6149323221976648,22.065054829872523
MOH-Badulla,23.79770346879055,28.198104968318287,2.435924163722106,70.92815519186004,8.725672281693546,15.967160174127798
MOH-Bakamuna (Elahera),28.142568572747876,34.41988893715306,0.673746667188713,71.94728227968807,12.397970835318137,19.154623292477226
MOH-Balangoda,27.374118441088097,33.121311542636604,28.246641612946515,72.67524475852363,11.366361391853086,18.820672727266853
MOH-Bambaradeniya,27.10124474524554,34.262860962985386,0.984719166576959,68.59873640721155,14.089656279193493,17.584745345103254
MOH-Balapitiya,28.451336118780482,28.94019200400004,4.923704158828073,80.68273011300595,1.2435914334020786,21.72286216302368
MOH-Bamunakotuwa,30.016991679451177,36.74584083186966,0.881061666780877,68.74436966806218,13.291903983481742,19.518245423586084
MOH-Bandarawela,20.774174441017042,25.472490907797052,1.295691665965205,66.70611549240613,9.26203217059171,13.105599451153534
MOH-Bandaragama,28.55187911651171,29.510966714174426,3.9907866606633355,79.5179697643273,2.151292211095827,21.48403514731138
MOH-Battaramulla,28.52322436215831,29.09712008759891,6.063936656584975,80.10029898231224,1.4086104335046543,21.62007830729691
MOH-Beliatta,29.047455552328938,34.562532669412256,17.258946634561827,77.77088019766373,10.9400462620665,21.37533637158524
MOH-Beruwala,28.451336118780482,28.94019200400004,4.923704158828073,80.68273011300595,1.2435914334020786,21.72286216302368
MOH-Batticoloa,29.169514751574646,33.72065495549036,0.05180166841222127,75.7326260220077,9.083245540958988,20.901076146717664
MOH-Bibile,27.654231232767298,33.592195684002036,1.295691665965205,75.87825928285831,11.737798557778254,19.853650477320894
MOH-Bingiriya,29.241302451954745,33.9631892565585,1.088376666373041,77.04291771882816,9.41337981829372,21.316090205689907
MOH-Biyagama,29.025939350814454,30.966472192289757,6.582224155565385,77.77088019766373,4.049299543664192,21.35953092961971
MOH-Bogawanthalawa,25.212443989866674,29.4538293088157,20.472329128240368,74.71349893417967,8.436840892949247,17.822311804094372
MOH-Bope Poddala,29.564548189660645,33.06417413727788,12.594359143738139,78.64447593734991,7.061425819748899,22.000766437092476
MOH-Boralesgamuwa,28.52322436215831,29.09712008759891,6.063936656584975,80.10029898231224,1.4086104335046543,21.62007830729691
MOH-Bulathkohupitiya,29.9092095858833,36.588912748270786,3.5761566614790077,72.38408014953116,13.195626853900308,20.480922894959082
MOH-Buttala,27.10124474524554,32.222296423355985,6.063936656584975,66.41495088341365,10.156061595884893,17.02311884286792
MOH-Bulathsinhala,29.67946883606744,34.662423238221216,2.435924163722106,77.77088019766373,9.922204448131595,21.840287869896432
MOH-Chankanai Walikamam West,28.027647926341082,28.754595327152995,0.05180166841222127,78.06204480665619,1.697441822248953,20.702489980181415
MOH-Chavakachchari,27.962998778799903,31.651421822612786,0.05180166841222127,78.49884267649928,7.405327726613776,20.77065700902662
MOH-Cheddikulam,28.752965111974166,35.41879462524265,0.05180166841222127,74.13116971619473,13.154420242439455,20.165783714664737
MOH-Chenkalady,29.169514751574646,33.72065495549036,0.05180166841222127,75.7326260220077,9.083245540958988,20.901076146717664
MOH-D1-CMC,28.52322436215831,29.09712008759891,6.063936656584975,80.10029898231224,1.4086104335046543,21.62007830729691
MOH-Chilaw,28.099435626721178,29.182726305068186,2.954211662702516,80.10029898231224,2.385149358849127,21.298927241101566
MOH-D2A-CMC,28.458575214617127,29.025798221469316,6.063936656584975,80.10029898231224,1.3948428039745095,21.571013561072622
MOH-D2B-CMC,28.52322436215831,29.09712008759891,6.063936656584975,80.10029898231224,1.4086104335046543,21.62007830729691
MOH-D3-CMC,28.52322436215831,29.09712008759891,6.063936656584975,80.10029898231224,1.4086104335046543,21.62007830729691
MOH-D4-CMC,28.52322436215831,29.09712008759891,6.063936656584975,80.10029898231224,1.4086104335046543,21.62007830729691
MOH-D5-CMC,28.52322436215831,29.09712008759891,6.063936656584975,80.10029898231224,1.4086104335046543,21.62007830729691
MOH-Damana,29.09772705119455,34.22010779953515,0.5700891673926312,76.89738637068633,10.183596854945185,21.17122314865614
MOH-Dambulla,29.471143744768334,35.98956933541704,0.15545916820830322,70.20019271302449,12.879356483225301,19.570413078662504
MOH-Dambulla MC,29.471143744768334,35.98956933541704,0.15545916820830322,70.20019271302449,12.879356483225301,19.570413078662504
MOH-Dankotuwa,28.099435626721178,29.42536049670515,9.380976650059598,80.82826146114779,2.8527673772261464,21.493052976162883
MOH-Dehiattakandiya,28.81761425951535,35.01923235000681,1.9176366647416967,72.67524475852363,12.26039081714627,19.81311873043996
MOH-Dehiovita,30.648904420191947,36.90286880603734,16.222371636601007,75.44146141301522,12.384203205787992,21.876359185302434
MOH-Dehiwala,28.52322436215831,29.09712008759891,6.063936656584975,80.10029898231224,1.4086104335046543,21.62007830729691
MOH-Deniyaya/Kotapola,29.112104699870116,34.71956064357994,33.01488660356629,79.5179697643273,11.11883289169922,21.90544895579114
MOH-Deraniyagala,30.986527806573417,37.07408124097589,18.295521632522647,75.15029680402274,12.067836557983403,22.03160159381051
MOH-Devinuwara,29.392116948551585,31.93690906826879,21.923534125385515,78.20767806750682,5.218392728171531,21.750788342692843
MOH-Dickwella,29.392116948551585,31.93690906826879,21.923534125385515,78.20767806750682,5.218392728171531,21.750788342692843
MOH-Divulapitiya,29.090487955357904,31.922624716929104,3.057869162498598,77.91651345851436,5.76861652372942,21.44718810469235
MOH-Dodangoda PS,28.508846713482743,29.168441953728507,3.9907866606633355,80.3914635913047,1.5736294336072303,21.68795443843723
MOH-Doluwa,27.64699213693065,34.79088250970953,0.984719166576959,68.59873640721155,14.062121020133203,17.938864817852465
MOH-Echchalampattu,28.982806404787755,34.862204375839134,0.05180166841222127,75.87825928285831,11.64152142819682,20.80740708574402
MOH-Egodauyana,28.52322436215831,29.09712008759891,6.063936656584975,80.10029898231224,1.4086104335046543,21.62007830729691
MOH-Eheliyagoda,30.878745713005536,36.988475023506616,9.48463414985568,75.58709467386585,12.10913944657384,22.08299352167389
MOH-Ehetuwewa,29.75125653644754,36.17506612169527,1.192034166169123,70.20019271302449,12.700569853592581,19.756393677986978
MOH-Elapatha,29.87331573569325,35.561438357501835,15.185796638640188,77.91651345851436,11.283851891801797,22.024232185286703
MOH-Ella,21.729332919463715,26.414359081096716,1.295691665965205,66.70611549240613,9.248264541061564,13.708339495679578
MOH-Elpitiya,28.51598526632166,29.15415760238883,5.027361658624155,81.84738854897581,1.532422822146377,22.087260021345568
MOH-Embilipitiya,28.87512485421761,34.83373556372858,29.59418911029558,75.00466354317213,11.792772798769251,20.490716451023612
MOH-Eravur,29.169514751574646,33.72065495549036,0.05180166841222127,75.7326260220077,9.083245540958988,20.901076146717664
MOH-Galagedara,30.577116719811855,34.67670758956089,6.271251656177139,72.38408014953116,8.230519004256237,20.93831105294321
MOH-Galaha,25.435046186843618,32.59328999591246,0.984719166576959,68.59873640721155,14.062121020133203,16.503478576037956
MOH-Galenbindunuwewa,28.882263407056527,35.361657219883924,0.05180166841222127,73.5488404982098,12.796846983174014,20.0968409586065
MOH-Galewela,28.99718405346332,36.04660685020695,0.984719166576959,70.49145923472574,13.897102020030626,19.335755596720254
MOH-Galgamuwa,29.42811134173937,35.98956933541704,0.881061666780877,70.49145923472574,12.96186598327659,19.623065563247064
MOH-Galigamuwa,30.160567080211372,36.63176580228983,11.661441645573401,75.44146141301522,12.796846983174014,21.527863734847706
MOH-Galkiriyagama (Palagala),29.349084545522622,35.818356900478484,0.05180166841222127,71.80175093154624,12.783079353643869,19.935198800590907
MOH-Galnewa,29.26291919646696,35.661328926310794,0.15545916820830322,70.34582597387512,12.645499335472001,19.472477518017183
MOH-Gampaha,29.571686742499566,34.22010779953515,4.923704158828073,75.00466354317213,9.275799800121854,20.985048617528403
MOH-Gampola (Udapalatha),28.731448910459683,35.41879462524265,3.5761566614790077,72.38408014953116,13.195626853900308,19.67445749111045
MOH-Ganewatta,30.519706668107318,37.24529367591445,0.881061666780877,68.74436966806218,13.291903983481742,19.845214443879172
MOH-Gangawata Korale,27.805045729364142,34.962094944648086,0.984719166576959,68.59873640721155,14.089656279193493,18.04145474177598
MOH-Girandurukotte,26.12446952228665,31.46592503633455,2.2286091641299426,76.60622176169386,10.568705373270916,18.936159116107028
MOH-Giribawa,29.370600747037106,35.94671628139799,0.777404166984795,71.36495306170315,12.989401242336879,19.82814844519246
MOH-Godakawela,29.104865604033467,35.04770116211736,22.13084912497768,76.02379063100015,11.765237539708961,20.93520814409108
MOH-Gomarangadawela,28.113813275396744,34.07736417670714,0.05180166841222127,76.89738637068633,11.792772798769251,20.455420862830646
MOH-Gonapinuwala,28.28614397350807,28.968660816110592,5.234676658216319,82.72098428866198,1.6149323221976648,22.143791141995294
MOH-Gothatuwa,28.3580322168859,28.925907652660356,6.063936656584975,80.10029898231224,1.3948428039745095,21.494895328293836
MOH-Habaraduwa,28.80323661083978,30.652516134523204,17.051631634969663,80.97389472199842,3.8705129140314716,22.070969749871892
MOH-Hakmana,29.018700254977805,34.79088250970953,23.478396622326745,78.49884267649928,11.43519953950381,21.554626323697317
MOH-Haldummulla,24.795894350266195,29.29690122521683,35.08803659948793,68.4532050590697,8.931994170386556,16.05452645149555
MOH-Hali Ela,23.194445482403182,27.598761555464538,2.435924163722106,70.92815519186004,8.725672281693546,15.56242450072823
MOH-Hambantota,29.384978395712672,35.33318840777337,15.704084137620598,75.2958281521646,11.779005169239106,20.933656689665018
MOH-Hanwella,30.498089923595106,35.96100063273767,14.460194140067614,75.15029680402274,10.857536762015213,21.684463665978587
MOH-Haputale,19.70409531616357,25.45820655645737,0.15545916820830322,62.047176010400335,11.283851891801797,11.558411524760754
MOH-Hasalaka,24.508643005748073,29.56800422896434,2.2286091641299426,78.79000728549175,10.004810225312463,18.273203246669357
MOH-Hatharaliyadda,29.9092095858833,36.8600157520183,19.02112413109522,70.6369905828676,13.718315390397906,19.985233205831488
MOH-Hikkaduwa,28.28614397350807,28.968660816110592,5.234676658216319,82.72098428866198,1.6149323221976648,22.143791141995294
MOH-Hingurakgoda,28.989944957626673,34.71956064357994,0.3627741678004672,73.11204262836671,11.352690039452522,20.051751814349
MOH-Homagama,29.97385873342448,34.07736417670714,6.271251656177139,72.38408014953116,8.230519004256237,20.52523631200355
MOH-Horana,30.3042430239693,35.404510273902964,4.923704158828073,76.75175310983572,10.156061595884893,22.006972254796736
MOH-Horowpothana,28.724310357620766,34.962094944648086,0.05180166841222127,75.7326260220077,12.329132687667414,20.58215529625979
MOH-Ibbagamuwa (Gokarella),29.700985037581923,36.95990632082725,0.984719166576959,68.30757179821907,14.30974579741665,19.189724948866935
MOH-Imaduwa,28.80323661083978,30.652516134523204,17.051631634969663,80.97389472199842,3.8705129140314716,22.070969749871892
MOH-Imbulpe,27.338224590898044,33.092742839957246,28.246641612946515,72.67524475852363,11.38012902138323,18.795946422351452
MOH-Induruwa,28.451336118780482,28.94019200400004,4.923704158828073,80.68273011300595,1.2435914334020786,21.72286216302368
MOH-Ingiriya,30.203700026238067,35.304619705094005,4.923704158828073,76.75175310983572,10.156061595884893,21.934053896771704
MOH-Ipalogama,29.21978625044026,35.68989762899016,0.05180166841222127,71.36495306170315,12.783079353643869,19.72633424848198
MOH-Irakkamam,28.724310357620766,33.834829875638995,1.5030066655573686,78.06204480665619,10.156061595884893,21.21689408832341
MOH-Ja-Ela,28.221595368964625,28.840301435191083,6.8931966549536305,80.82826146114779,1.4911199335559424,21.58643113943164
MOH-Jaffna,28.113813275396744,28.840301435191083,0.05180166841222127,78.06204480665619,1.697441822248953,20.766099611650056
MOH-Kahatagasdigiliya,28.465713767456045,34.67670758956089,0.3627741678004672,75.44146141301522,12.274158446676415,20.318214112025572
MOH-Kaduwela,30.117534677182405,34.234392150874825,6.271251656177139,72.38408014953116,8.258054263316527,20.623559736255384
MOH-Kahawatta,29.8805548315299,35.818356900478484,22.13084912497768,76.02379063100015,11.765237539708961,21.493052976162883
MOH-Kalawana,28.056403223692215,33.72065495549036,18.710151631706974,79.80913437331978,11.215110021280653,21.18877397685099
MOH-Kahathuduwa (Wethara),28.451336118780482,29.411076145365467,3.9907866606633355,79.5179697643273,2.151292211095827,21.40840174404074
MOH-Kalmunai South,29.104865604033467,31.822734148120148,0.2591166680043852,74.8591321950303,5.548527005506264,20.61357224838759
MOH-Kalmunai North,29.047455552328938,31.765596742761424,0.2591166680043852,74.8591321950303,5.548527005506264,20.57294353560503
MOH-Kalpitiya,28.235872474642456,29.56800422896434,0.5700891673926312,80.10029898231224,2.866535006756291,21.402389858139742
MOH-Kalutara,28.58777296670176,29.525251065514105,3.9907866606633355,79.5179697643273,2.110085599634974,21.511088633865885
MOH-Kalthota,25.93062262266084,32.065268449188295,31.04539410744073,74.71349893417967,12.095371817043693,18.32983133322071
MOH-Kaluwanchikudy,28.939673458761057,33.67780190147131,0.673746667188713,77.47971558867127,9.44081880022443,21.21611836111038
MOH-Kamburupitiya,29.119243252709033,34.89077307851849,23.478396622326745,78.49884267649928,11.43519953950381,21.62929006795167
MOH-Kandaketiya,27.55368823503607,32.94999921712924,0.46643166759654914,72.23844688868054,10.692421484783056,18.82988448792161
MOH-Kandawala,28.221595368964625,28.840301435191083,6.8931966549536305,80.82826146114779,1.4911199335559424,21.58643113943164
MOH-Kandy MC,27.244820146005733,34.3913202344737,0.984719166576959,68.59873640721155,14.062121020133203,17.677929576568747
MOH-Kanthale,28.32927691953477,34.4626421006033,0.05180166841222127,76.60622176169386,12.122907076103983,20.53396324315016
MOH-Karachchi/Kilinochchci,28.16408477426236,33.435267600403165,0.05180166841222127,77.47971558867127,10.458660614159337,20.64760727985938
MOH-Karainagar,28.113813275396744,28.840301435191083,0.05180166841222127,78.06204480665619,1.697441822248953,20.766099611650056
MOH-Karandeniya,28.55187911651171,29.168441953728507,5.027361658624155,81.84738854897581,1.4911199335559424,22.1150892351131
MOH-Karaithivu,29.104865604033467,31.822734148120148,0.2591166680043852,74.8591321950303,5.548527005506264,20.61357224838759
MOH-Karaveddy,28.824853355351994,32.621858698591815,0.05180166841222127,75.7326260220077,7.62532096770735,20.654103995268528
MOH-Karuwalagaswewa,28.508846713482743,31.12350016645744,0.881061666780877,78.20767806750682,5.342205116813253,21.09723816571319
MOH-Katana,28.221595368964625,28.840301435191083,6.8931966549536305,80.82826146114779,1.4911199335559424,21.58643113943164
MOH-Kataragama,29.629197337201827,34.83373556372858,3.368841661886844,73.25757397650855,10.34861585504776,20.534738970363193
MOH-Kathankudy,29.169514751574646,33.72065495549036,0.05180166841222127,75.7326260220077,9.083245540958988,20.901076146717664
MOH-Katupotha (Kuliyapitiya East),30.368892171510478,36.232203527054,5.338334158012401,76.89738637068633,11.627753798666676,22.095889986590553
MOH-Katuwana,27.883971982583155,33.50658946653276,45.453786579096125,78.93564054634237,11.132600521229365,20.82757599328286
MOH-Kayts,28.113813275396744,28.840301435191083,0.05180166841222127,78.06204480665619,1.697441822248953,20.766099611650056
MOH-Kebithigollewa,28.056403223692215,33.82054552429932,0.05180166841222127,77.1885509796788,11.40766428044352,20.49120128053176
MOH-Kegalle,30.13905087869689,36.68880331707974,8.44805915189486,73.9855364553441,12.948098353746444,21.096171540795268
MOH-Kekirawa,29.384978395712672,35.84682571258903,0.05180166841222127,71.80175093154624,12.769311724113724,19.959634207801425
MOH-Kelaniya,28.52322436215831,29.09712008759891,6.063936656584975,80.10029898231224,1.4086104335046543,21.62007830729691
MOH-Kesbewa,28.451336118780482,29.411076145365467,3.9907866606633355,79.5179697643273,2.151292211095827,21.40840174404074
MOH-Kinniya,28.077919425206698,33.948904905218825,0.05180166841222127,77.47971558867127,11.61398616913653,20.584482477898884
MOH-Kiran,29.018700254977805,34.5340638573017,0.05180166841222127,75.87825928285831,10.9400462620665,20.833103049675714
MOH-Kiriella,30.218077674913634,35.761219495119754,7.41148415393404,76.31495523999263,11.008788132587643,21.819246269242935
MOH-Kirinda-Puhulwella,28.666799762918505,34.448357749263614,23.478396622326745,78.49884267649928,11.448967169033955,21.293303218807083
MOH-Kobeigane,30.419163670376093,36.917153157377015,2.12495166433386,70.78262384371821,12.851821224165011,20.367957619561263
MOH-Kolonna,24.89643734799742,29.610857282983385,48.148881573794256,80.68273011300595,9.344541670642997,19.009465337738572
MOH-Kolonnawa,28.458575214617127,29.025798221469316,6.063936656584975,80.10029898231224,1.3948428039745095,21.571013561072622
MOH-Kopay,27.89834963125872,31.58009995648319,0.05180166841222127,78.49884267649928,7.391560097083632,20.72265888772025
MOH-Koralai Pattu Central,29.420872245902718,35.161876082266005,0.05180166841222127,74.27670106433658,11.38012902138323,20.67485469821714
MOH-Kotagala,22.83530589450723,29.182726305068186,8.655374151487024,72.67524475852363,12.46671270583928,15.700310012844708
MOH-Kotawehera,29.550170540985082,35.70418198032984,3.057869162498598,74.42233432518721,12.17788131709498,20.806437426727733
MOH-Kothmale,25.198066341191108,31.537346793032956,8.655374151487024,72.67524475852363,12.480480335369425,17.324682796934198
MOH-Kuchchavelly,27.919966375770937,32.23658077469566,0.05180166841222127,78.49884267649928,8.615627522581969,20.73865826148904
MOH-Kuliyapitiya,29.52141524363395,35.375941571223606,5.338334158012401,76.89738637068633,11.600218539606384,21.47938078403319
MOH-Kundasale,27.065350895055488,33.87758303908923,1.295691665965205,69.61786349503957,13.415716372123462,17.823184497209038
MOH-Kuriucharkerny,28.077919425206698,33.948904905218825,0.05180166841222127,77.47971558867127,11.61398616913653,20.584482477898884
MOH-Kurunduwaththa (Gangaihala),26.62004595810388,33.32109268025452,3.5761566614790077,72.38408014953116,13.195626853900308,18.228695897821634
MOH-Kurunegala,30.10315702850684,36.988475023506616,2.435924163722106,70.05466136488265,13.594503001756184,19.948483129114084
MOH-Kuruvita,30.261110077942597,36.36056290797351,8.44805915189486,77.04291771882816,12.081604187513548,22.05933384167641
MOH-Laggala,27.23044249733017,33.520873817872435,1.5030066655573686,73.25757397650855,12.411738464848282,18.872355552835124
MOH-Lahugala,29.03307790365337,34.12021723072619,1.295691665965205,77.04291771882816,10.11475870729446,21.164241603738848
MOH-Lankapura,29.334706896847056,35.04770116211736,0.05180166841222127,73.5488404982098,11.32515478039223,20.411689241195955
MOH-Lindula(Thalawakale),22.7778958428027,26.89952757380183,38.19776159337039,74.8591321950303,8.17554476326524,16.133068831815066
MOH-Lunugala,21.808359715680457,27.056455657400704,2.539581663518188,80.97389472199842,10.334848225517614,16.712730991753396
MOH-Lunugamwehera,29.140759454223517,34.87648872717881,0.3627741678004672,73.11204262836671,11.366361391853086,20.155990158600208
MOH-MC Galle,29.564548189660645,33.06417413727788,12.594359143738139,78.64447593734991,7.061425819748899,22.000766437092476
MOH-MC Kurunegala,30.06002408248014,36.95990632082725,2.435924163722106,70.05466136488265,13.622038260816472,19.91997515403515
MOH-Madampe,28.264627771993588,29.981850855539854,4.820046659031991,79.80913437331978,3.6092167843474634,21.346052669293275
MOH-Madhu,28.32927691953477,34.63395442611066,0.05180166841222127,75.87825928285831,12.452945076309135,20.33828605366278
MOH-Madulla,26.57691301207718,31.594384307822867,3.887129160867254,78.49884267649928,9.949739707191883,19.74136396323448
MOH-Madurawala,28.508846713482743,29.168441953728507,3.9907866606633355,80.3914635913047,1.5736294336072303,21.68795443843723
MOH-Maha Wilachchiya,28.925396353083226,35.618575762860566,0.05180166841222127,74.42233432518721,13.209394483430453,20.366600096938456
MOH-Mahaoya,29.112104699870116,35.49011649137224,0.05180166841222127,76.16942389185077,12.604292724011147,20.980588186053467
MOH-Mahara,28.925396353083226,30.866581623480798,6.582224155565385,77.77088019766373,4.049299543664192,21.285545946676763
MOH-Maharagama,28.42268136442708,28.997229518789954,6.063936656584975,80.10029898231224,1.4086104335046543,21.543863108616495
MOH-Mahawewa,28.135329476911227,29.4538293088157,9.380976650059598,80.82826146114779,2.8389997476960014,21.5204943263239
MOH-Mahiyanganaya,24.652318949506,29.739316554471706,2.2286091641299426,78.79000728549175,10.05978446630346,18.380253602067803
MOH-Maho,29.801528035313154,36.38913161065287,0.673746667188713,69.47233214689773,13.016840224267588,19.583988304890568
MOH-Malimbada,29.32756834400814,31.8512029602307,21.923534125385515,78.20767806750682,5.177186116710677,21.7028871872881
MOH-Mallavi,27.99889262898995,33.82054552429932,0.05180166841222127,77.1885509796788,11.517709039555097,20.44921504512639
MOH-Mallawapitiya,29.858938087017684,36.76012518320934,2.435924163722106,70.05466136488265,13.622038260816472,19.786647039295236
MOH-Mannar Town,27.84093957955419,30.538441104943374,0.05180166841222127,79.9547676341704,5.493456487385685,21.064560656864202
MOH-Manthai East,28.28614397350807,34.59110137209162,0.05180166841222127,76.31495523999263,12.452945076309135,20.424585706112616
MOH-Maruthankerny,28.085057978045615,29.725032203132024,0.05180166841222127,77.77088019766373,3.4579654137750326,20.667291357890075
MOH-Maskeliya,23.381153829190072,27.498870986655582,38.19776159337039,74.8591321950303,8.17554476326524,16.560203628490935
MOH-Matale,31.288156799767105,38.458264852961626,0.673746667188713,67.87077392837598,14.158398149714635,20.085592914017532
MOH-Matale MC,31.137342303170257,38.28705241802307,0.673746667188713,67.87077392837598,14.117191538253783,19.98882094419176
MOH-Matara MC,29.392116948551585,31.93690906826879,21.923534125385515,78.20767806750682,5.218392728171531,21.750788342692843
MOH-Matara PS Kekanadura,29.29157395082036,31.83701849945983,21.923534125385515,78.20767806750682,5.218392728171531,21.676415496143374
MOH-Mathugama,29.147998550060166,30.324375615985772,3.783471661071172,79.08117189448421,2.5777036180119928,21.81168292891587
MOH-Mathurata,23.488835379760218,29.43964484804483,2.954211662702516,72.09291554053868,11.710263298717962,16.019715692810728
MOH-Mawanella,29.923587234558862,36.931437508716705,11.972414144961647,71.51058632255376,13.828360149509486,20.24277464055819
MOH-Mawathagama,30.174944728886935,37.10264994365526,19.02112413109522,70.6369905828676,13.677012501807472,20.162777771714236
MOH-Medadumbara  (Meda Mahanuwara),23.883868817846217,30.081741424348813,0.881061666780877,72.52971341038179,12.191648946625126,16.38808915309941
MOH-Medagama,25.36325848646352,30.581194268393606,2.539581663518188,80.97389472199842,10.32108059598747,19.435824407201412
MOH-Medawachchiya,28.853508109705395,35.53296954539128,0.3627741678004672,73.40320723735918,13.181955501499745,20.03701299730139
MOH-Medirigiriya,29.198270048925778,34.91934178119785,0.05180166841222127,73.5488404982098,11.338922409922377,20.316759623501138
MOH-Meegahakivula,26.46209290866812,31.86548731157038,0.46643166759654914,72.23844688868054,10.692421484783056,18.083925806689493
MOH-Meerigama,30.562739071136285,36.56034404559142,6.789539155157549,76.16942389185077,11.889049928350683,22.025880605614397
MOH-Menikhinna,27.402873738439226,34.191539096855784,1.088376666373041,71.51058632255376,13.37450976066261,18.53753229451009
MOH-Mihinthale,28.961290203273272,35.504400842711924,0.05180166841222127,72.38408014953116,12.920563094686154,19.83183314945436
MOH-Millaniya,28.55187911651171,29.510966714174426,3.9907866606633355,79.5179697643273,2.151292211095827,21.48403514731138
MOH-Minuwangoda,29.571686742499566,34.22010779953515,4.923704158828073,75.00466354317213,9.275799800121854,20.985048617528403
MOH-Monaragala,28.530362914997227,34.10593287938651,3.2651841620907622,71.36495306170315,11.05009102117808,19.260897920662643
MOH-Moratuwa,28.52322436215831,29.09712008759891,6.063936656584975,80.10029898231224,1.4086104335046543,21.62007830729691
MOH-Morawaka,28.96842875611219,34.805166861049216,35.29535159908009,79.5179697643273,11.558915651015951,21.797428941376403
MOH-Mulatiyana,28.86788575838096,34.64813888688153,23.478396622326745,78.49884267649928,11.448967169033955,21.442630707315786
MOH-Mullaitivu,27.790668080688576,32.70746491606109,0.05180166841222127,77.33408232782064,9.770953077559161,20.335571008417165
MOH-Mundel,28.29338306934472,29.996135206879536,1.192034166169123,79.80913437331978,3.581681525287174,21.367773031258178
MOH-Musali,28.013270277665516,31.48020938767423,0.05180166841222127,78.64447593734991,6.9789163196976105,20.846678275903777
MOH-Muthur,28.602150615377322,33.549342629982995,0.05180166841222127,76.31495523999263,9.839694948080306,20.65264950674409
MOH-Nachchaduwa,29.119243252709033,35.53296954539128,0.05180166841222127,72.09291554053868,12.67303459453229,19.859565397320264
MOH-Nallur,28.113813275396744,28.840301435191083,0.05180166841222127,78.06204480665619,1.697441822248953,20.766099611650056
MOH-Nanattan,28.06354177653113,29.910528989410256,0.05180166841222127,79.66360302517792,3.856745284501327,21.155417706690606
MOH-Narammala,30.36165307567383,36.81726258856806,9.277319150263516,73.84000510720227,12.769311724113724,21.21010647520938
MOH-Nattandiya,28.135329476911227,29.4538293088157,9.380976650059598,80.82826146114779,2.8389997476960014,21.5204943263239
MOH-Naula,28.39392606707595,35.4472634373532,0.984719166576959,70.49145923472574,13.897102020030626,18.933444070861412
MOH-Navithanveli,28.52322436215831,33.63504873802108,1.5030066655573686,78.06204480665619,10.156061595884893,21.068439292929366
MOH-Nawathispane,24.343450860475663,30.68108483720256,8.655374151487024,72.67524475852363,12.46671270583928,16.737069433062285
MOH-Negombo,28.221595368964625,28.840301435191083,6.8931966549536305,80.82826146114779,1.4911199335559424,21.58643113943164
MOH-Neluwa,30.36165307567383,35.93253182062712,16.015056637008843,80.24593224316286,11.063858650708223,23.055076685504904
MOH-Nikaweratiya,29.59320294401405,35.7327506830092,3.057869162498598,74.42233432518721,12.150346058034692,20.836787753937614
MOH-Ninthavur,29.047455552328938,31.765596742761424,0.2591166680043852,74.8591321950303,5.548527005506264,20.57294353560503
MOH-Nivithigala,29.06897175384342,34.762313807030175,15.185796638640188,77.91651345851436,11.283851891801797,21.431382662726822
MOH-Niyagama,29.84456043834212,34.5340638573017,9.277319150263516,80.3914635913047,9.358309300173142,22.703769223902935
MOH-Nochchiyagama,29.05459410516785,35.60429141152088,0.05180166841222127,72.23844688868054,12.934330724216299,19.855589795353477
MOH-Nugegoda,28.458575214617127,29.025798221469316,6.063936656584975,80.10029898231224,1.3948428039745095,21.571013561072622
MOH-Nuwara Eliya,21.118936380237425,27.812827044422136,4.405416659847663,65.54135514372749,13.11311735384902,13.089503111483115
MOH-Nuwaragam-Palatha-Central,28.961290203273272,35.504400842711924,0.05180166841222127,72.38408014953116,12.920563094686154,19.83183314945436
MOH-Nuwaragam-Palatha-East,29.04021645649229,35.5900070601812,0.05180166841222127,72.38408014953116,12.934330724216299,19.885940122563362
MOH-Nuwara Eliya MC,21.21947937796865,27.91271761323109,4.405416659847663,65.54135514372749,13.11311735384902,13.151852186230581
MOH-Oddamavady,28.99718405346332,34.51977950596202,0.05180166841222127,75.87825928285831,10.953813891596646,20.817685471316697
MOH-Oddusudan,28.178462422937926,34.148686042836744,0.05180166841222127,78.64447593734991,11.806540428299394,20.969534073267756
MOH-Okewela,29.09772705119455,34.61967007477098,17.258946634561827,77.77088019766373,10.953813891596646,21.41237734600753
MOH-Openayaka,29.78001183379867,35.718466331669525,22.13084912497768,76.02379063100015,11.765237539708961,21.420716413547627
MOH-Padavisripura,28.185600975776843,33.4780207638534,0.05180166841222127,77.04291771882816,10.499867225620191,20.546665776263563
MOH-Padaviya,27.891211078419804,33.592195684002036,0.05180166841222127,78.35320941564866,11.283851891801797,20.678830300183932
MOH-Padiyatalawa,29.84456043834212,35.7327506830092,0.2591166680043852,72.38408014953116,11.668960410127529,20.436706443816245
MOH-Padukka,30.577116719811855,34.67670758956089,6.271251656177139,72.38408014953116,8.230519004256237,20.93831105294321
MOH-Palindanuwara,29.988236382100045,35.23329783896441,4.820046659031991,79.22680515533483,10.431125355099047,22.48171730917246
MOH-Pallai,28.085057978045615,29.725032203132024,0.05180166841222127,77.77088019766373,3.4579654137750326,20.667291357890075
MOH-Pallama,28.156946221423443,29.867675935391215,1.192034166169123,79.80913437331978,3.5954491548173184,21.264698277826522
MOH-Palugaswewa,28.307760718020287,34.61967007477098,0.3627741678004672,73.40320723735918,12.46671270583928,19.658070253735143
MOH-Panadura,28.58777296670176,29.525251065514105,3.9907866606633355,79.5179697643273,2.110085599634974,21.511088633865885
MOH-Pallepola,28.243111570479105,35.29033535375432,0.984719166576959,70.49145923472574,13.883334390500481,18.832890430872112
MOH-Panduwasnuwara West,30.519706668107318,37.017043726185975,2.12495166433386,70.78262384371821,12.851821224165011,20.43525195529181
MOH-Pannala,29.162376198735732,32.66461186204205,4.716389159235909,77.47971558867127,7.061425819748899,21.37931197355203
MOH-Panvila,25.794185774739564,32.59328999591246,1.088376666373041,71.51058632255376,13.37450976066261,17.44938094642913
MOH-Pasbage (Nawalapitiya),27.912727279934288,34.03461101325691,6.582224155565385,71.80175093154624,12.095371817043693,18.95962486430125
MOH-Pasgoda/Urubokka,28.235872474642456,34.27714531432506,33.94780410173103,78.93564054634237,11.944024169341683,21.09035358669753
MOH-Passara,20.91061128893832,27.29908984903766,0.15545916820830322,72.82087801937425,12.521686946830279,14.406009157900439
MOH-Payagala,28.508846713482743,29.168441953728507,3.9907866606633355,80.3914635913047,1.5736294336072303,21.68795443843723
MOH-Pelmadulla,29.629197337201827,35.74693514378008,18.813809131503056,76.89738637068633,12.10913944657384,21.557826198451075
MOH-Piliyandala,28.52322436215831,29.09712008759891,6.063936656584975,80.10029898231224,1.4086104335046543,21.62007830729691
MOH-Pitakotte (Kotte),28.42268136442708,28.997229518789954,6.063936656584975,80.10029898231224,1.4086104335046543,21.543863108616495
MOH-Point Pedro,28.760204207810816,32.57900564457277,0.05180166841222127,75.7326260220077,7.666623856297785,20.607851260191477
MOH-Polgahawela,30.261110077942597,36.717372019759104,9.277319150263516,73.84000510720227,12.769311724113724,21.13980619652833
MOH-Poojapitiya,29.334706896847056,36.26067233916455,10.106579148632171,69.47233214689773,13.663341149406909,19.277188192136318
MOH-Polpithigama,29.621958241365178,36.53187523348087,1.088376666373041,68.01640718922661,13.635805890346619,19.056784697733537
MOH-Poonakery,28.472952863292697,32.46483072442413,0.05180166841222127,77.1885509796788,7.996661856502938,20.795286348040392
MOH-Pottuvil,29.1336209013846,34.22010779953515,1.295691665965205,77.04291771882816,10.11475870729446,21.23754782537039
MOH-Port City,28.52322436215831,29.09712008759891,6.063936656584975,80.10029898231224,1.4086104335046543,21.62007830729691
MOH-Pugoda (Dompe),30.498089923595106,35.96100063273767,14.460194140067614,75.15029680402274,10.857536762015213,21.684463665978587
MOH-Puthukkudiyituppu,28.207217720289055,32.99285227114829,0.05180166841222127,76.31495523999263,9.523424577405299,20.367472790053117
MOH-Puttalam,28.60938971121397,31.2233907352664,0.881061666780877,78.20767806750682,5.342205116813253,21.17161101226265
MOH-Ragala,17.11873267250275,21.576758724247675,5.234676658216319,66.99728010139859,8.753207540753836,10.846293943197166
MOH-Ragama,29.090487955357904,31.02360959764848,6.582224155565385,77.77088019766373,4.035628191263629,21.407044221417934
MOH-Rajanganaya,29.370600747037106,35.94671628139799,0.777404166984795,71.36495306170315,12.989401242336879,19.82814844519246
MOH-Rambewa,28.918157257246577,35.60429141152088,0.3627741678004672,73.40320723735918,13.195626853900308,20.08190820975563
MOH-Rambukkana,30.648904420191947,37.28814672993349,9.899264149040008,72.38408014953116,13.126884983379165,20.987472765069125
MOH-Rasnayakapura,29.44962754325385,35.60429141152088,3.057869162498598,74.42233432518721,12.17788131709498,20.73565231853854
MOH-Rathgama,28.250250123318022,28.925907652660356,5.234676658216319,82.72098428866198,1.60116469266752,22.115671030522876
MOH-Rathmalana,28.52322436215831,29.09712008759891,6.063936656584975,80.10029898231224,1.4086104335046543,21.62007830729691
MOH-Rathnapura MC,30.024130232290094,35.68989762899016,15.185796638640188,77.91651345851436,11.242645280340945,22.13535510855357
MOH-Ratnapura PS,30.261110077942597,36.36056290797351,8.44805915189486,77.04291771882816,12.081604187513548,22.05933384167641
MOH-Rattota,31.087070804304645,38.258483715343715,0.673746667188713,67.87077392837598,14.158398149714635,19.956531298949294
MOH-Rideegama,30.218077674913634,37.445074813532365,1.5030066655573686,68.30757179821907,14.25467527929607,19.52377247997894
MOH-Rideemaliyadda,27.769151879174093,34.27714531432506,1.6066641653534508,73.5488404982098,12.838053594634866,19.322374302295447
MOH-Rikillagaskada (Hanguranketha),22.986120391104073,28.94019200400004,2.954211662702516,72.09291554053868,11.710263298717962,15.676844264650487
MOH-Ruwanwella,30.68489881337973,36.931437508716705,16.222371636601007,75.44146141301522,12.370435576257847,21.901958183332496
MOH-Sainthamaruthu,29.047455552328938,31.765596742761424,0.2591166680043852,74.8591321950303,5.548527005506264,20.57294353560503
MOH-Sammanthurai,28.501607617646094,33.60648003534172,1.5030066655573686,78.06204480665619,10.142293966354748,21.052536885062203
MOH-Sandilipay,28.113813275396744,28.840301435191083,0.05180166841222127,78.06204480665619,1.697441822248953,20.766099611650056
MOH-Seeduwa,28.221595368964625,28.840301435191083,6.8931966549536305,80.82826146114779,1.4911199335559424,21.58643113943164
MOH-Seruwila,28.544740563672793,33.492305115193076,0.05180166841222127,76.31495523999263,9.839694948080306,20.6112450667485
MOH-Sevanagala,28.975667851948838,34.93362613253754,29.59418911029558,75.00466354317213,11.792772798769251,20.56208335462258
MOH-Siripura,28.932534905922143,35.29033535375432,0.673746667188713,72.67524475852363,12.562989835420712,19.89204897436599
MOH-Siyambalanduwa,27.833700483717543,33.449452061174036,2.0212941645377787,74.42233432518721,11.11883289169922,19.598048360626773
MOH-Sooriyawewa,29.183892400250215,34.83373556372858,26.277149116820958,76.02379063100015,11.20134239175051,20.99203016244569
MOH-Soranathota,23.266233182783278,27.655799070254453,2.435924163722106,70.92815519186004,8.698137022633256,15.61061655383786
MOH-Tangalle,29.198270048925778,34.71956064357994,17.258946634561827,77.77088019766373,10.953813891596646,21.48626536304885
MOH-Telippalai,28.027647926341082,28.754595327152995,0.05180166841222127,78.06204480665619,1.697441822248953,20.702489980181415
MOH-Thalathuoya - Pathahewaheta,27.208926295815687,33.99175795923787,1.295691665965205,69.61786349503957,13.360742131132465,17.91772625129734
MOH-Thalawa,29.05459410516785,35.60429141152088,0.05180166841222127,72.23844688868054,12.934330724216299,19.855589795353477
MOH-Thamankaduwa,29.090487955357904,34.8194512123889,0.3627741678004672,73.11204262836671,11.352690039452522,20.121276365817014
MOH-Thambuttegama,29.270057749305877,35.84682571258903,0.777404166984795,71.36495306170315,12.989401242336879,19.76027231405214
MOH-Thanamalwila,29.399356044388238,35.54715400616216,15.185796638640188,73.40320723735918,12.164113687564837,20.416052706769264
MOH-Thampalakamam,28.077919425206698,33.948904905218825,0.05180166841222127,77.47971558867127,11.61398616913653,20.584482477898884
MOH-Thawalama,29.629197337201827,35.09055421613641,28.350299112742597,80.68273011300595,10.843769132485066,22.621833037026406
MOH-Thihagoda,29.32756834400814,31.8512029602307,21.923534125385515,78.20767806750682,5.177186116710677,21.7028871872881
MOH-Thirappane,29.06897175384342,35.475832140032566,0.05180166841222127,72.09291554053868,12.659266965002145,19.82523946814359
MOH-Thirukkovil,29.384978395712672,33.948904905218825,1.7103216651495328,76.75175310983572,9.110780800019278,21.339555953884133
MOH-Thunnukai,28.020509373502165,33.849014336409866,0.05180166841222127,77.1885509796788,11.531476669085244,20.464923521190293
MOH-Tissamaharama,29.270057749305877,34.73384499491962,4.716389159235909,75.00466354317213,10.843769132485066,20.770947906731507
MOH-Trincomalee,28.077919425206698,33.948904905218825,0.05180166841222127,77.47971558867127,11.61398616913653,20.584482477898884
MOH-Udadumbara,25.980894121526457,32.165159017997254,0.984719166576959,73.9855364553441,12.191648946625126,18.18593393520323
MOH-Udawalwa,28.824853355351994,34.77659815836985,29.59418911029558,75.00466354317213,11.779005169239106,20.45503299922413
MOH-Udubaddawa,28.221595368964625,29.953282152860492,4.820046659031991,79.80913437331978,3.6367520434077534,21.31347212634592
MOH-Udugama,28.86788575838096,34.348467180454655,28.350299112742597,80.68273011300595,10.871304391545358,22.040716388563638
MOH-Udunuwara,27.201787742976766,34.362751531794345,0.984719166576959,68.59873640721155,14.089656279193493,17.65000339689959
MOH-Uduvil,28.113813275396744,28.840301435191083,0.05180166841222127,78.06204480665619,1.697441822248953,20.766099611650056
MOH-Uhana,28.537501467836144,34.31999836834411,0.5700891673926312,77.04291771882816,11.448967169033955,20.803140586072345
MOH-Ukuwela,31.187613802035873,38.358374284152674,0.673746667188713,67.87077392837598,14.158398149714635,20.02111058943423
MOH-Uppuveli,27.962998778799903,33.06417413727788,0.05180166841222127,77.91651345851436,10.128526336824605,20.616190327731577
MOH-Uva Paranagama,19.83339361124593,24.27380408208955,5.234676658216319,66.99728010139859,8.753207540753836,12.566759935801022
MOH-Vakarai,29.22702534627691,34.89077307851849,0.05180166841222127,74.8591321950303,11.228877650810798,20.700065832640686
MOH-Valaichchenai,28.975667851948838,34.50549515462234,0.05180166841222127,75.87825928285831,10.96758152112679,20.802170927056054
MOH-Vavunathevu,29.241302451954745,33.79197682161995,0.05180166841222127,75.7326260220077,9.083245540958988,20.95256504048268
MOH-Vavuniya,28.343654568210333,34.64813888688153,0.05180166841222127,76.31495523999263,12.452945076309135,20.46599014610821
MOH-Vavuniya North,28.307760718020287,34.57681702075193,0.05180166841222127,75.87825928285831,12.384203205787992,20.322771509402138
MOH-Vavuniya South,28.314899270859204,34.59110137209162,0.05180166841222127,76.31495523999263,12.397970835318137,20.445239443159597
MOH-Velanai,28.113813275396744,28.840301435191083,0.05180166841222127,78.06204480665619,1.697441822248953,20.766099611650056
MOH-Vellavely,28.989944957626673,33.734939306830036,0.673746667188713,77.47971558867127,9.454586429754574,21.25296540372941
MOH-Wadduwa,28.508846713482743,29.168441953728507,3.9907866606633355,80.3914635913047,1.5736294336072303,21.68795443843723
MOH-Walapane,22.411617702067833,28.383601754596523,2.954211662702516,72.09291554053868,11.737798557778254,15.285005056167583
MOH-Walallawita,29.68660738890636,34.93362613253754,4.820046659031991,79.22680515533483,10.431125355099047,22.255592826573565
MOH-Walasmulla,28.99718405346332,34.51977950596202,17.258946634561827,77.77088019766373,10.953813891596646,21.33839236306458
MOH-Walivitiya (Divithura),28.61652826405289,29.254048171197784,5.027361658624155,81.84738854897581,1.532422822146377,22.16512364035368
MOH-Warakapola,30.519706668107318,36.97419067216694,11.661441645573401,75.44146141301522,12.769311724113724,21.784047646951596
MOH-Wariyapola,30.06726317831679,36.80297823722838,0.881061666780877,68.74436966806218,13.305671613011885,19.550922932435068
MOH-Waththegama (Pathadumbara),29.988236382100045,36.88858445469766,10.106579148632171,69.47233214689773,13.622038260816472,19.70665017045129
MOH-Wattala,29.090487955357904,31.02360959764848,6.582224155565385,77.77088019766373,4.035628191263629,21.407044221417934
MOH-Weeraketiya,29.047455552328938,34.562532669412256,17.258946634561827,77.77088019766373,10.9400462620665,21.37533637158524
MOH-Weligepola,27.94148257728542,33.69208625281099,28.246641612946515,72.67524475852363,11.38012902138323,19.210766549520436
MOH-Weligama,28.954051107436626,30.7952597573512,17.051631634969663,80.97389472199842,3.856745284501327,22.186553104613697
MOH-Weerambugedara,29.959481084748916,36.8600157520183,2.435924163722106,70.05466136488265,13.622038260816472,19.853262613714378
MOH-Welikanda,30.182183824723584,35.83264125181816,0.2591166680043852,72.52971341038179,11.215110021280653,20.709471525098703
MOH-Welimada,21.82987591719494,26.51424964990568,1.295691665965205,66.70611549240613,9.248264541061564,13.77175519534496
MOH-Welioya,28.049164127855565,33.60648003534172,0.05180166841222127,77.33408232782064,11.008788132587643,20.524654516593774
MOH-Welipitiya,28.90377960857101,30.75240670333216,17.051631634969663,80.97389472199842,3.8705129140314716,22.14796067576534
MOH-Wellawaya,28.279005420669154,35.261766651074964,19.643069129871712,71.65611767069561,13.759618278988341,19.16936210952484
MOH-Wennappuwa,28.099435626721178,29.42536049670515,9.380976650059598,80.82826146114779,2.8527673772261464,21.493052976162883
MOH-Werellagama (Harispattuwa),29.334706896847056,36.26067233916455,10.106579148632171,69.47233214689773,13.663341149406909,19.277188192136318
MOH-Wilgamuwa,29.858938087017684,36.76012518320934,2.435924163722106,70.05466136488265,13.622038260816472,19.786647039295236
MOH-Wilachchiya,28.7817204093253,35.461547788692876,0.05180166841222127,74.42233432518721,13.181955501499745,20.26546466153938
MOH-Yakkalamulla,29.97385873342448,34.41988893715306,14.667509139659778,79.80913437331978,8.890691281796123,22.63647488817239
MOH-Yatawatta,28.192840071613492,35.24748229973529,0.984719166576959,70.49145923472574,13.897102020030626,18.799340228908466
MOH-Yatinuwara (Kadugannawa),27.912727279934288,34.93362613253754,11.972414144961647,71.51058632255376,13.828360149509486,18.882536972506173
MOH-Yatiyanthota,30.68489881337973,36.931437508716705,16.222371636601007,75.44146141301522,12.370435576257847,21.901958183332496
MOH-panduwasnuwara East,30.426302223215007,36.274956690504226,5.338334158012401,76.89738637068633,11.600218539606384,22.137682290192664
PORT - HEALTH OFFICE (D1 CMC),28.52322436215831,29.09712008759891,6.063936656584975,80.10029898231224,1.4086104335046543,21.62007830729691
